<?xml version="1.0" encoding="utf-8" ?><dwsync><file name="player_bg.png" server="Macintosh HD/Applications/MAMP/htdocs/player" local="3505771088" remote="3929524612646687312" Dst="-1" /><file name="text_bg.png" server="Macintosh HD/Applications/MAMP/htdocs/player" local="3505771615" remote="3929524612646687839" Dst="-1" /><file name="button_play.png" server="Macintosh HD/Applications/MAMP/htdocs/player" local="3505771615" remote="1167114536779895903" Dst="-1" /><file name="button_stop.png" server="Macintosh HD/Applications/MAMP/htdocs/player" local="3505771615" remote="1167114536779895903" Dst="-1" /><file name="button_pause.png" server="Macintosh HD/Applications/MAMP/htdocs/player" local="3505771615" remote="1167114536779895903" Dst="-1" /><file name="player_bg.png" server="Macintosh HD/Applications/MAMP/htdocs/player/" local="3505771088" remote="3742007508734431824" Dst="-1" /><file name="text_bg.png" server="Macintosh HD/Applications/MAMP/htdocs/player/" local="3505771614" remote="3742007508734432350" Dst="-1" /><file name="button_play.png" server="Macintosh HD/Applications/MAMP/htdocs/player/" local="3505771614" remote="1031100601917101150" Dst="-1" /><file name="button_stop.png" server="Macintosh HD/Applications/MAMP/htdocs/player/" local="3505771614" remote="1031100601917101150" Dst="-1" /><file name="button_pause.png" server="Macintosh HD/Applications/MAMP/htdocs/player/" local="3505771614" remote="1031100601917101150" Dst="-1" /><file name="bg_main.png" server="Macintosh HD/Applications/MAMP/htdocs/player/" local="3506843476" remote="-4611764475383107756" Dst="-1" /><file name="bg_top.png" server="Macintosh HD/Applications/MAMP/htdocs/player/" local="3506843476" remote="-4611764475383107756" Dst="-1" /><file name="nav_01.png" server="Macintosh HD/Applications/MAMP/htdocs/player/" local="3506860452" remote="5124955985563513252" Dst="-1" /><file name="nav_02.png" server="Macintosh HD/Applications/MAMP/htdocs/player/" local="3506860500" remote="5124955985563513300" Dst="-1" /><file name="nav_03.png" server="Macintosh HD/Applications/MAMP/htdocs/player/" local="3506860452" remote="5124955985563513252" Dst="-1" /><file name="nav_04.png" server="Macintosh HD/Applications/MAMP/htdocs/player/" local="3506860452" remote="5124955985563513252" Dst="-1" /><file name="nav_junbi.png" server="Macintosh HD/Applications/MAMP/htdocs/player/" local="3506865850" remote="5124955985563518650" Dst="-1" /><file name="FCP_logo.png" server="Macintosh HD/Applications/MAMP/htdocs/player/" local="3506844022" remote="2116723009833546102" Dst="-1" /><file name="mplayer_t_bg.png" server="Macintosh HD/Applications/MAMP/htdocs/player/" local="3506899560" remote="3742007508735560296" Dst="-1" /><file name=".DS_Store" server="Macintosh HD/Applications/MAMP/htdocs/player/" local="3507518612" remote="-4611764475382432620" Dst="-1" /><file name="bg_bottom.png" server="Macintosh HD/Applications/MAMP/htdocs/player/" local="3506843476" remote="-4611764475383107756" Dst="-1" /><file name="button_repeat.png" server="Macintosh HD/Applications/MAMP/htdocs/player/" local="3505771614" remote="-4611764475384179618" Dst="-1" /><file name="button_shuffle.png" server="Macintosh HD/Applications/MAMP/htdocs/player/" local="3505771614" remote="-4611764475384179618" Dst="-1" /><file name="mplayer_t_bg_bottom.png" server="Macintosh HD/Applications/MAMP/htdocs/player/" local="3506893438" remote="-4611764475383057794" Dst="-1" /><file name="mplayer_t_bg_main.png" server="Macintosh HD/Applications/MAMP/htdocs/player/" local="3506893438" remote="-4611764475383057794" Dst="-1" /><file name="mplayer_t_bg_top.png" server="Macintosh HD/Applications/MAMP/htdocs/player/" local="3506893438" remote="-4611764475383057794" Dst="-1" /><file name="nav_01_hover.png" server="Macintosh HD/Applications/MAMP/htdocs/player/" local="3506844022" remote="5124955985563496822" Dst="-1" /><file name="nav_02_hover.png" server="Macintosh HD/Applications/MAMP/htdocs/player/" local="3506844022" remote="5124955985563496822" Dst="-1" /><file name="nav_03_hover.png" server="Macintosh HD/Applications/MAMP/htdocs/player/" local="3506844022" remote="5124955985563496822" Dst="-1" /><file name="nav_04_hover.png" server="Macintosh HD/Applications/MAMP/htdocs/player/" local="3506844022" remote="-4611764475383107210" Dst="-1" /><file name="positionbar.png" server="Macintosh HD/Applications/MAMP/htdocs/player/" local="3505771614" remote="-4611764475384179618" Dst="-1" /><file name="bg.png" server="Macintosh HD/Applications/MAMP/htdocs/player/" local="3507504736" remote="5124955985564157536" Dst="-1" /></dwsync>